STRUCTURE,STRUCTURE_ID,STRUCTURE_NAME,ACTION,REF_AREA,Reference area,MEASURE,Measure,UNIT_MEASURE,Unit of measure,AGE,Age,SEX,Sex,EDUCATION_LEV,Education level,DOMAIN,Domain,TIME_PERIOD,Time period,OBS_VALUE,Observation value,OBS_STATUS,Observation status,UNIT_MULT,Unit multiplier,DECIMALS,Decimals,BASE_PER,Base period
DATAFLOW,OECD.WISE.WDP:DSD_HSL@DF_HSL_CWB(1.1),Current well-being,I,AUS,Australia,11_1,Life satisfaction,0_TO_10,0-10 scale,_T,Total,_T,Total,_T,Total,HSL_11,Subjective well-being,2020,,7.2,,A,Normal value,0,Units,2,Two,,
DATAFLOW,OECD.WISE.WDP:DSD_HSL@DF_HSL_CWB(1.1),Current well-being,I,AUT,Austria,11_1,Life satisfaction,0_TO_10,0-10 scale,_T,Total,_T,Total,_T,Total,HSL_11,Subjective well-being,2018,,8.0024162941,,A,Normal value,0,Units,2,Two,,
DATAFLOW,OECD.WISE.WDP:DSD_HSL@DF_HSL_CWB(1.1),Current well-being,I,AUT,Austria,11_1,Life satisfaction,0_TO_10,0-10 scale,_T,Total,_T,Total,_T,Total,HSL_11,Subjective well-being,2021,,7.9919458767,,A,Normal value,0,Units,2,Two,,
DATAFLOW,OECD.WISE.WDP:DSD_HSL@DF_HSL_CWB(1.1),Current well-being,I,AUT,Austria,11_1,Life satisfaction,0_TO_10,0-10 scale,_T,Total,_T,Total,_T,Total,HSL_11,Subjective well-being,2022,,7.8826444055,,A,Normal value,0,Units,2,Two,,
DATAFLOW,OECD.WISE.WDP:DSD_HSL@DF_HSL_CWB(1.1),Current well-being,I,AUT,Austria,11_1,Life satisfaction,0_TO_10,0-10 scale,_T,Total,_T,Total,_T,Total,HSL_11,Subjective well-being,2023,,7.696147497,,A,Normal value,0,Units,2,Two,,
DATAFLOW,OECD.WISE.WDP:DSD_HSL@DF_HSL_CWB(1.1),Current well-being,I,AUT,Austria,11_1,Life satisfaction,0_TO_10,0-10 scale,_T,Total,_T,Total,_T,Total,HSL_11,Subjective well-being,2024,,7.6220193507,,A,Normal value,0,Units,2,Two,,
DATAFLOW,OECD.WISE.WDP:DSD_HSL@DF_HSL_CWB(1.1),Current well-being,I,BEL,Belgium,11_1,Life satisfaction,0_TO_10,0-10 scale,_T,Total,_T,Total,_T,Total,HSL_11,Subjective well-being,2021,,7.5479577814,,A,Normal value,0,Units,2,Two,,
DATAFLOW,OECD.WISE.WDP:DSD_HSL@DF_HSL_CWB(1.1),Current well-being,I,BEL,Belgium,11_1,Life satisfaction,0_TO_10,0-10 scale,_T,Total,_T,Total,_T,Total,HSL_11,Subjective well-being,2022,,7.5772294915,,A,Normal value,0,Units,2,Two,,
DATAFLOW,OECD.WISE.WDP:DSD_HSL@DF_HSL_CWB(1.1),Current well-being,I,BEL,Belgium,11_1,Life satisfaction,0_TO_10,0-10 scale,_T,Total,_T,Total,_T,Total,HSL_11,Subjective well-being,2024,,7.5976112956,,A,Normal value,0,Units,2,Two,,
DATAFLOW,OECD.WISE.WDP:DSD_HSL@DF_HSL_CWB(1.1),Current well-being,I,BEL,Belgium,11_1,Life satisfaction,0_TO_10,0-10 scale,_T,Total,_T,Total,_T,Total,HSL_11,Subjective well-being,2023,,7.681908677,,A,Normal value,0,Units,2,Two,,
DATAFLOW,OECD.WISE.WDP:DSD_HSL@DF_HSL_CWB(1.1),Current well-being,I,BEL,Belgium,11_1,Life satisfaction,0_TO_10,0-10 scale,_T,Total,_T,Total,_T,Total,HSL_11,Subjective well-being,2013,,7.5289745505,,A,Normal value,0,Units,2,Two,,
DATAFLOW,OECD.WISE.WDP:DSD_HSL@DF_HSL_CWB(1.1),Current well-being,I,CAN,Canada,11_1,Life satisfaction,0_TO_10,0-10 scale,_T,Total,_T,Total,_T,Total,HSL_11,Subjective well-being,2012,,8,,A,Normal value,0,Units,2,Two,,
DATAFLOW,OECD.WISE.WDP:DSD_HSL@DF_HSL_CWB(1.1),Current well-being,I,CAN,Canada,11_1,Life satisfaction,0_TO_10,0-10 scale,_T,Total,_T,Total,_T,Total,HSL_11,Subjective well-being,2013,,8,,A,Normal value,0,Units,2,Two,,
DATAFLOW,OECD.WISE.WDP:DSD_HSL@DF_HSL_CWB(1.1),Current well-being,I,CAN,Canada,11_1,Life satisfaction,0_TO_10,0-10 scale,_T,Total,_T,Total,_T,Total,HSL_11,Subjective well-being,2014,,8,,A,Normal value,0,Units,2,Two,,
DATAFLOW,OECD.WISE.WDP:DSD_HSL@DF_HSL_CWB(1.1),Current well-being,I,CAN,Canada,11_1,Life satisfaction,0_TO_10,0-10 scale,_T,Total,_T,Total,_T,Total,HSL_11,Subjective well-being,2016,,8.1,,A,Normal value,0,Units,2,Two,,
DATAFLOW,OECD.WISE.WDP:DSD_HSL@DF_HSL_CWB(1.1),Current well-being,I,CAN,Canada,11_1,Life satisfaction,0_TO_10,0-10 scale,_T,Total,_T,Total,_T,Total,HSL_11,Subjective well-being,2017,,8.1,,A,Normal value,0,Units,2,Two,,
DATAFLOW,OECD.WISE.WDP:DSD_HSL@DF_HSL_CWB(1.1),Current well-being,I,CAN,Canada,11_1,Life satisfaction,0_TO_10,0-10 scale,_T,Total,_T,Total,_T,Total,HSL_11,Subjective well-being,2018,,8.1,,A,Normal value,0,Units,2,Two,,
DATAFLOW,OECD.WISE.WDP:DSD_HSL@DF_HSL_CWB(1.1),Current well-being,I,CAN,Canada,11_1,Life satisfaction,0_TO_10,0-10 scale,_T,Total,_T,Total,_T,Total,HSL_11,Subjective well-being,2019,,8.1,,A,Normal value,0,Units,2,Two,,
DATAFLOW,OECD.WISE.WDP:DSD_HSL@DF_HSL_CWB(1.1),Current well-being,I,CAN,Canada,11_1,Life satisfaction,0_TO_10,0-10 scale,_T,Total,_T,Total,_T,Total,HSL_11,Subjective well-being,2020,,8,,A,Normal value,0,Units,2,Two,,
DATAFLOW,OECD.WISE.WDP:DSD_HSL@DF_HSL_CWB(1.1),Current well-being,I,CAN,Canada,11_1,Life satisfaction,0_TO_10,0-10 scale,_T,Total,_T,Total,_T,Total,HSL_11,Subjective well-being,2021,,7.9,,A,Normal value,0,Units,2,Two,,
DATAFLOW,OECD.WISE.WDP:DSD_HSL@DF_HSL_CWB(1.1),Current well-being,I,CAN,Canada,11_1,Life satisfaction,0_TO_10,0-10 scale,_T,Total,_T,Total,_T,Total,HSL_11,Subjective well-being,2022,,7.5,,A,Normal value,0,Units,2,Two,,
DATAFLOW,OECD.WISE.WDP:DSD_HSL@DF_HSL_CWB(1.1),Current well-being,I,CAN,Canada,11_1,Life satisfaction,0_TO_10,0-10 scale,_T,Total,_T,Total,_T,Total,HSL_11,Subjective well-being,2015,,8.1,,B,Time series break,0,Units,2,Two,,
DATAFLOW,OECD.WISE.WDP:DSD_HSL@DF_HSL_CWB(1.1),Current well-being,I,CAN,Canada,11_1,Life satisfaction,0_TO_10,0-10 scale,_T,Total,_T,Total,_T,Total,HSL_11,Subjective well-being,2023,,7.4,,B,Time series break,0,Units,2,Two,,
DATAFLOW,OECD.WISE.WDP:DSD_HSL@DF_HSL_CWB(1.1),Current well-being,I,CAN,Canada,11_1,Life satisfaction,0_TO_10,0-10 scale,_T,Total,_T,Total,_T,Total,HSL_11,Subjective well-being,2009,,8,,A,Normal value,0,Units,2,Two,,
DATAFLOW,OECD.WISE.WDP:DSD_HSL@DF_HSL_CWB(1.1),Current well-being,I,CAN,Canada,11_1,Life satisfaction,0_TO_10,0-10 scale,_T,Total,_T,Total,_T,Total,HSL_11,Subjective well-being,2010,,8,,A,Normal value,0,Units,2,Two,,
DATAFLOW,OECD.WISE.WDP:DSD_HSL@DF_HSL_CWB(1.1),Current well-being,I,COL,Colombia,11_1,Life satisfaction,0_TO_10,0-10 scale,_T,Total,_T,Total,_T,Total,HSL_11,Subjective well-being,2022,,7.92084445,,A,Normal value,0,Units,2,Two,,
DATAFLOW,OECD.WISE.WDP:DSD_HSL@DF_HSL_CWB(1.1),Current well-being,I,COL,Colombia,11_1,Life satisfaction,0_TO_10,0-10 scale,_T,Total,_T,Total,_T,Total,HSL_11,Subjective well-being,2018,,8.2624974606,,A,Normal value,0,Units,2,Two,,
DATAFLOW,OECD.WISE.WDP:DSD_HSL@DF_HSL_CWB(1.1),Current well-being,I,COL,Colombia,11_1,Life satisfaction,0_TO_10,0-10 scale,_T,Total,_T,Total,_T,Total,HSL_11,Subjective well-being,2019,,8.1553547477,,A,Normal value,0,Units,2,Two,,
DATAFLOW,OECD.WISE.WDP:DSD_HSL@DF_HSL_CWB(1.1),Current well-being,I,COL,Colombia,11_1,Life satisfaction,0_TO_10,0-10 scale,_T,Total,_T,Total,_T,Total,HSL_11,Subjective well-being,2020,,7.9961009,,A,Normal value,0,Units,2,Two,,
DATAFLOW,OECD.WISE.WDP:DSD_HSL@DF_HSL_CWB(1.1),Current well-being,I,CZE,Czechia,11_1,Life satisfaction,0_TO_10,0-10 scale,_T,Total,_T,Total,_T,Total,HSL_11,Subjective well-being,2022,,7.3848566569,,A,Normal value,0,Units,2,Two,,
DATAFLOW,OECD.WISE.WDP:DSD_HSL@DF_HSL_CWB(1.1),Current well-being,I,CZE,Czechia,11_1,Life satisfaction,0_TO_10,0-10 scale,_T,Total,_T,Total,_T,Total,HSL_11,Subjective well-being,2023,,7.3781102847,,A,Normal value,0,Units,2,Two,,
DATAFLOW,OECD.WISE.WDP:DSD_HSL@DF_HSL_CWB(1.1),Current well-being,I,CZE,Czechia,11_1,Life satisfaction,0_TO_10,0-10 scale,_T,Total,_T,Total,_T,Total,HSL_11,Subjective well-being,2024,,7.3876211977,,A,Normal value,0,Units,2,Two,,
DATAFLOW,OECD.WISE.WDP:DSD_HSL@DF_HSL_CWB(1.1),Current well-being,I,CZE,Czechia,11_1,Life satisfaction,0_TO_10,0-10 scale,_T,Total,_T,Total,_T,Total,HSL_11,Subjective well-being,2013,,6.8799199806,,A,Normal value,0,Units,2,Two,,
DATAFLOW,OECD.WISE.WDP:DSD_HSL@DF_HSL_CWB(1.1),Current well-being,I,CZE,Czechia,11_1,Life satisfaction,0_TO_10,0-10 scale,_T,Total,_T,Total,_T,Total,HSL_11,Subjective well-being,2018,,7.3519776594,,A,Normal value,0,Units,2,Two,,
DATAFLOW,OECD.WISE.WDP:DSD_HSL@DF_HSL_CWB(1.1),Current well-being,I,DNK,Denmark,11_1,Life satisfaction,0_TO_10,0-10 scale,_T,Total,_T,Total,_T,Total,HSL_11,Subjective well-being,2021,,7.4624077931,,A,Normal value,0,Units,2,Two,,
DATAFLOW,OECD.WISE.WDP:DSD_HSL@DF_HSL_CWB(1.1),Current well-being,I,DNK,Denmark,11_1,Life satisfaction,0_TO_10,0-10 scale,_T,Total,_T,Total,_T,Total,HSL_11,Subjective well-being,2023,,7.5001238652,,A,Normal value,0,Units,2,Two,,
DATAFLOW,OECD.WISE.WDP:DSD_HSL@DF_HSL_CWB(1.1),Current well-being,I,DNK,Denmark,11_1,Life satisfaction,0_TO_10,0-10 scale,_T,Total,_T,Total,_T,Total,HSL_11,Subjective well-being,2024,,7.5845289062,,A,Normal value,0,Units,2,Two,,
DATAFLOW,OECD.WISE.WDP:DSD_HSL@DF_HSL_CWB(1.1),Current well-being,I,DNK,Denmark,11_1,Life satisfaction,0_TO_10,0-10 scale,_T,Total,_T,Total,_T,Total,HSL_11,Subjective well-being,2022,,7.627750116,,A,Normal value,0,Units,2,Two,,
DATAFLOW,OECD.WISE.WDP:DSD_HSL@DF_HSL_CWB(1.1),Current well-being,I,DNK,Denmark,11_1,Life satisfaction,0_TO_10,0-10 scale,_T,Total,_T,Total,_T,Total,HSL_11,Subjective well-being,2013,,8.0107682102,,A,Normal value,0,Units,2,Two,,
DATAFLOW,OECD.WISE.WDP:DSD_HSL@DF_HSL_CWB(1.1),Current well-being,I,EST,Estonia,11_1,Life satisfaction,0_TO_10,0-10 scale,_T,Total,_T,Total,_T,Total,HSL_11,Subjective well-being,2022,,7.1565139309,,A,Normal value,0,Units,2,Two,,
DATAFLOW,OECD.WISE.WDP:DSD_HSL@DF_HSL_CWB(1.1),Current well-being,I,EST,Estonia,11_1,Life satisfaction,0_TO_10,0-10 scale,_T,Total,_T,Total,_T,Total,HSL_11,Subjective well-being,2023,,7.1705450094,,A,Normal value,0,Units,2,Two,,
DATAFLOW,OECD.WISE.WDP:DSD_HSL@DF_HSL_CWB(1.1),Current well-being,I,EST,Estonia,11_1,Life satisfaction,0_TO_10,0-10 scale,_T,Total,_T,Total,_T,Total,HSL_11,Subjective well-being,2024,,7.0657616849,,A,Normal value,0,Units,2,Two,,
DATAFLOW,OECD.WISE.WDP:DSD_HSL@DF_HSL_CWB(1.1),Current well-being,I,EST,Estonia,11_1,Life satisfaction,0_TO_10,0-10 scale,_T,Total,_T,Total,_T,Total,HSL_11,Subjective well-being,2013,,6.4551335228,,A,Normal value,0,Units,2,Two,,
DATAFLOW,OECD.WISE.WDP:DSD_HSL@DF_HSL_CWB(1.1),Current well-being,I,EST,Estonia,11_1,Life satisfaction,0_TO_10,0-10 scale,_T,Total,_T,Total,_T,Total,HSL_11,Subjective well-being,2018,,7.0057674818,,A,Normal value,0,Units,2,Two,,
DATAFLOW,OECD.WISE.WDP:DSD_HSL@DF_HSL_CWB(1.1),Current well-being,I,FIN,Finland,11_1,Life satisfaction,0_TO_10,0-10 scale,_T,Total,_T,Total,_T,Total,HSL_11,Subjective well-being,2022,,7.8719903962,,A,Normal value,0,Units,2,Two,,
DATAFLOW,OECD.WISE.WDP:DSD_HSL@DF_HSL_CWB(1.1),Current well-being,I,FIN,Finland,11_1,Life satisfaction,0_TO_10,0-10 scale,_T,Total,_T,Total,_T,Total,HSL_11,Subjective well-being,2023,,7.7212423365,,A,Normal value,0,Units,2,Two,,
DATAFLOW,OECD.WISE.WDP:DSD_HSL@DF_HSL_CWB(1.1),Current well-being,I,FIN,Finland,11_1,Life satisfaction,0_TO_10,0-10 scale,_T,Total,_T,Total,_T,Total,HSL_11,Subjective well-being,2024,,7.8203191245,,A,Normal value,0,Units,2,Two,,
DATAFLOW,OECD.WISE.WDP:DSD_HSL@DF_HSL_CWB(1.1),Current well-being,I,FIN,Finland,11_1,Life satisfaction,0_TO_10,0-10 scale,_T,Total,_T,Total,_T,Total,HSL_11,Subjective well-being,2013,,8.0458559898,,A,Normal value,0,Units,2,Two,,
DATAFLOW,OECD.WISE.WDP:DSD_HSL@DF_HSL_CWB(1.1),Current well-being,I,FIN,Finland,11_1,Life satisfaction,0_TO_10,0-10 scale,_T,Total,_T,Total,_T,Total,HSL_11,Subjective well-being,2018,,8.1068445452,,A,Normal value,0,Units,2,Two,,
DATAFLOW,OECD.WISE.WDP:DSD_HSL@DF_HSL_CWB(1.1),Current well-being,I,FRA,France,11_1,Life satisfaction,0_TO_10,0-10 scale,_T,Total,_T,Total,_T,Total,HSL_11,Subjective well-being,2022,,6.9669646335,,A,Normal value,0,Units,2,Two,,
DATAFLOW,OECD.WISE.WDP:DSD_HSL@DF_HSL_CWB(1.1),Current well-being,I,FRA,France,11_1,Life satisfaction,0_TO_10,0-10 scale,_T,Total,_T,Total,_T,Total,HSL_11,Subjective well-being,2023,,7.1474378325,,A,Normal value,0,Units,2,Two,,
DATAFLOW,OECD.WISE.WDP:DSD_HSL@DF_HSL_CWB(1.1),Current well-being,I,FRA,France,11_1,Life satisfaction,0_TO_10,0-10 scale,_T,Total,_T,Total,_T,Total,HSL_11,Subjective well-being,2024,,7.138569648,,A,Normal value,0,Units,2,Two,,
DATAFLOW,OECD.WISE.WDP:DSD_HSL@DF_HSL_CWB(1.1),Current well-being,I,FRA,France,11_1,Life satisfaction,0_TO_10,0-10 scale,_T,Total,_T,Total,_T,Total,HSL_11,Subjective well-being,2013,,7.0531889489,,A,Normal value,0,Units,2,Two,,
DATAFLOW,OECD.WISE.WDP:DSD_HSL@DF_HSL_CWB(1.1),Current well-being,I,FRA,France,11_1,Life satisfaction,0_TO_10,0-10 scale,_T,Total,_T,Total,_T,Total,HSL_11,Subjective well-being,2018,,7.2543883858,,A,Normal value,0,Units,2,Two,,
DATAFLOW,OECD.WISE.WDP:DSD_HSL@DF_HSL_CWB(1.1),Current well-being,I,DEU,Germany,11_1,Life satisfaction,0_TO_10,0-10 scale,_T,Total,_T,Total,_T,Total,HSL_11,Subjective well-being,2018,,7.3581298635,,A,Normal value,0,Units,2,Two,,
DATAFLOW,OECD.WISE.WDP:DSD_HSL@DF_HSL_CWB(1.1),Current well-being,I,DEU,Germany,11_1,Life satisfaction,0_TO_10,0-10 scale,_T,Total,_T,Total,_T,Total,HSL_11,Subjective well-being,2023,,6.9830359924,,A,Normal value,0,Units,2,Two,,
DATAFLOW,OECD.WISE.WDP:DSD_HSL@DF_HSL_CWB(1.1),Current well-being,I,DEU,Germany,11_1,Life satisfaction,0_TO_10,0-10 scale,_T,Total,_T,Total,_T,Total,HSL_11,Subjective well-being,2024,,6.9830583137,,A,Normal value,0,Units,2,Two,,
DATAFLOW,OECD.WISE.WDP:DSD_HSL@DF_HSL_CWB(1.1),Current well-being,I,DEU,Germany,11_1,Life satisfaction,0_TO_10,0-10 scale,_T,Total,_T,Total,_T,Total,HSL_11,Subjective well-being,2022,,6.522345927,,B,Time series break,0,Units,2,Two,,
DATAFLOW,OECD.WISE.WDP:DSD_HSL@DF_HSL_CWB(1.1),Current well-being,I,DEU,Germany,11_1,Life satisfaction,0_TO_10,0-10 scale,_T,Total,_T,Total,_T,Total,HSL_11,Subjective well-being,2021,,7.1525208525,,B,Time series break,0,Units,2,Two,,
DATAFLOW,OECD.WISE.WDP:DSD_HSL@DF_HSL_CWB(1.1),Current well-being,I,GRC,Greece,11_1,Life satisfaction,0_TO_10,0-10 scale,_T,Total,_T,Total,_T,Total,HSL_11,Subjective well-being,2022,,6.7307896823,,A,Normal value,0,Units,2,Two,,
DATAFLOW,OECD.WISE.WDP:DSD_HSL@DF_HSL_CWB(1.1),Current well-being,I,GRC,Greece,11_1,Life satisfaction,0_TO_10,0-10 scale,_T,Total,_T,Total,_T,Total,HSL_11,Subjective well-being,2023,,6.8624746368,,A,Normal value,0,Units,2,Two,,
DATAFLOW,OECD.WISE.WDP:DSD_HSL@DF_HSL_CWB(1.1),Current well-being,I,GRC,Greece,11_1,Life satisfaction,0_TO_10,0-10 scale,_T,Total,_T,Total,_T,Total,HSL_11,Subjective well-being,2024,,6.7376669607,,A,Normal value,0,Units,2,Two,,
DATAFLOW,OECD.WISE.WDP:DSD_HSL@DF_HSL_CWB(1.1),Current well-being,I,GRC,Greece,11_1,Life satisfaction,0_TO_10,0-10 scale,_T,Total,_T,Total,_T,Total,HSL_11,Subjective well-being,2013,,6.1600323929,,A,Normal value,0,Units,2,Two,,
DATAFLOW,OECD.WISE.WDP:DSD_HSL@DF_HSL_CWB(1.1),Current well-being,I,GRC,Greece,11_1,Life satisfaction,0_TO_10,0-10 scale,_T,Total,_T,Total,_T,Total,HSL_11,Subjective well-being,2018,,6.4376863334,,A,Normal value,0,Units,2,Two,,
DATAFLOW,OECD.WISE.WDP:DSD_HSL@DF_HSL_CWB(1.1),Current well-being,I,HUN,Hungary,11_1,Life satisfaction,0_TO_10,0-10 scale,_T,Total,_T,Total,_T,Total,HSL_11,Subjective well-being,2018,,6.5062717839,,A,Normal value,0,Units,2,Two,,
DATAFLOW,OECD.WISE.WDP:DSD_HSL@DF_HSL_CWB(1.1),Current well-being,I,HUN,Hungary,11_1,Life satisfaction,0_TO_10,0-10 scale,_T,Total,_T,Total,_T,Total,HSL_11,Subjective well-being,2021,,6.5474589692,,A,Normal value,0,Units,2,Two,,
DATAFLOW,OECD.WISE.WDP:DSD_HSL@DF_HSL_CWB(1.1),Current well-being,I,HUN,Hungary,11_1,Life satisfaction,0_TO_10,0-10 scale,_T,Total,_T,Total,_T,Total,HSL_11,Subjective well-being,2022,,6.8524802497,,A,Normal value,0,Units,2,Two,,
DATAFLOW,OECD.WISE.WDP:DSD_HSL@DF_HSL_CWB(1.1),Current well-being,I,HUN,Hungary,11_1,Life satisfaction,0_TO_10,0-10 scale,_T,Total,_T,Total,_T,Total,HSL_11,Subjective well-being,2024,,7.1,,E,Estimated value,0,Units,2,Two,,
DATAFLOW,OECD.WISE.WDP:DSD_HSL@DF_HSL_CWB(1.1),Current well-being,I,HUN,Hungary,11_1,Life satisfaction,0_TO_10,0-10 scale,_T,Total,_T,Total,_T,Total,HSL_11,Subjective well-being,2023,,7.2,,E,Estimated value,0,Units,2,Two,,
DATAFLOW,OECD.WISE.WDP:DSD_HSL@DF_HSL_CWB(1.1),Current well-being,I,ISL,Iceland,11_1,Life satisfaction,0_TO_10,0-10 scale,_T,Total,_T,Total,_T,Total,HSL_11,Subjective well-being,2018,,8.1335416331,,A,Normal value,0,Units,2,Two,,
DATAFLOW,OECD.WISE.WDP:DSD_HSL@DF_HSL_CWB(1.1),Current well-being,I,IRL,Ireland,11_1,Life satisfaction,0_TO_10,0-10 scale,_T,Total,_T,Total,_T,Total,HSL_11,Subjective well-being,2022,,7.4475959273,,A,Normal value,0,Units,2,Two,,
DATAFLOW,OECD.WISE.WDP:DSD_HSL@DF_HSL_CWB(1.1),Current well-being,I,IRL,Ireland,11_1,Life satisfaction,0_TO_10,0-10 scale,_T,Total,_T,Total,_T,Total,HSL_11,Subjective well-being,2023,,7.5939619106,,A,Normal value,0,Units,2,Two,,
DATAFLOW,OECD.WISE.WDP:DSD_HSL@DF_HSL_CWB(1.1),Current well-being,I,IRL,Ireland,11_1,Life satisfaction,0_TO_10,0-10 scale,_T,Total,_T,Total,_T,Total,HSL_11,Subjective well-being,2024,,7.5169320033,,A,Normal value,0,Units,2,Two,,
DATAFLOW,OECD.WISE.WDP:DSD_HSL@DF_HSL_CWB(1.1),Current well-being,I,IRL,Ireland,11_1,Life satisfaction,0_TO_10,0-10 scale,_T,Total,_T,Total,_T,Total,HSL_11,Subjective well-being,2013,,7.4395113484,,A,Normal value,0,Units,2,Two,,
DATAFLOW,OECD.WISE.WDP:DSD_HSL@DF_HSL_CWB(1.1),Current well-being,I,IRL,Ireland,11_1,Life satisfaction,0_TO_10,0-10 scale,_T,Total,_T,Total,_T,Total,HSL_11,Subjective well-being,2018,,8.0681087113,,A,Normal value,0,Units,2,Two,,
DATAFLOW,OECD.WISE.WDP:DSD_HSL@DF_HSL_CWB(1.1),Current well-being,I,ITA,Italy,11_1,Life satisfaction,0_TO_10,0-10 scale,_T,Total,_T,Total,_T,Total,HSL_11,Subjective well-being,2021,,7.1742196143,,A,Normal value,0,Units,2,Two,,
DATAFLOW,OECD.WISE.WDP:DSD_HSL@DF_HSL_CWB(1.1),Current well-being,I,ITA,Italy,11_1,Life satisfaction,0_TO_10,0-10 scale,_T,Total,_T,Total,_T,Total,HSL_11,Subjective well-being,2023,,7.2266878923,,A,Normal value,0,Units,2,Two,,
DATAFLOW,OECD.WISE.WDP:DSD_HSL@DF_HSL_CWB(1.1),Current well-being,I,ITA,Italy,11_1,Life satisfaction,0_TO_10,0-10 scale,_T,Total,_T,Total,_T,Total,HSL_11,Subjective well-being,2024,,7.2126833549,,A,Normal value,0,Units,2,Two,,
DATAFLOW,OECD.WISE.WDP:DSD_HSL@DF_HSL_CWB(1.1),Current well-being,I,ITA,Italy,11_1,Life satisfaction,0_TO_10,0-10 scale,_T,Total,_T,Total,_T,Total,HSL_11,Subjective well-being,2022,,7.173981706,,A,Normal value,0,Units,2,Two,,
DATAFLOW,OECD.WISE.WDP:DSD_HSL@DF_HSL_CWB(1.1),Current well-being,I,ITA,Italy,11_1,Life satisfaction,0_TO_10,0-10 scale,_T,Total,_T,Total,_T,Total,HSL_11,Subjective well-being,2013,,6.5883967089,,A,Normal value,0,Units,2,Two,,
DATAFLOW,OECD.WISE.WDP:DSD_HSL@DF_HSL_CWB(1.1),Current well-being,I,JPN,Japan,11_1,Life satisfaction,0_TO_10,0-10 scale,_T,Total,_T,Total,_T,Total,HSL_11,Subjective well-being,2022,,5.76,,A,Normal value,0,Units,2,Two,,
DATAFLOW,OECD.WISE.WDP:DSD_HSL@DF_HSL_CWB(1.1),Current well-being,I,JPN,Japan,11_1,Life satisfaction,0_TO_10,0-10 scale,_T,Total,_T,Total,_T,Total,HSL_11,Subjective well-being,2023,,5.79,,A,Normal value,0,Units,2,Two,,
DATAFLOW,OECD.WISE.WDP:DSD_HSL@DF_HSL_CWB(1.1),Current well-being,I,JPN,Japan,11_1,Life satisfaction,0_TO_10,0-10 scale,_T,Total,_T,Total,_T,Total,HSL_11,Subjective well-being,2024,,5.89,,A,Normal value,0,Units,2,Two,,
DATAFLOW,OECD.WISE.WDP:DSD_HSL@DF_HSL_CWB(1.1),Current well-being,I,JPN,Japan,11_1,Life satisfaction,0_TO_10,0-10 scale,_T,Total,_T,Total,_T,Total,HSL_11,Subjective well-being,2019,,5.78,,A,Normal value,0,Units,2,Two,,
DATAFLOW,OECD.WISE.WDP:DSD_HSL@DF_HSL_CWB(1.1),Current well-being,I,JPN,Japan,11_1,Life satisfaction,0_TO_10,0-10 scale,_T,Total,_T,Total,_T,Total,HSL_11,Subjective well-being,2020,,5.83,,A,Normal value,0,Units,2,Two,,
DATAFLOW,OECD.WISE.WDP:DSD_HSL@DF_HSL_CWB(1.1),Current well-being,I,KOR,Korea,11_1,Life satisfaction,0_TO_10,0-10 scale,_T,Total,_T,Total,_T,Total,HSL_11,Subjective well-being,2013,,5.7,,D,Definition differs,0,Units,2,Two,,
DATAFLOW,OECD.WISE.WDP:DSD_HSL@DF_HSL_CWB(1.1),Current well-being,I,KOR,Korea,11_1,Life satisfaction,0_TO_10,0-10 scale,_T,Total,_T,Total,_T,Total,HSL_11,Subjective well-being,2014,,5.7,,D,Definition differs,0,Units,2,Two,,
DATAFLOW,OECD.WISE.WDP:DSD_HSL@DF_HSL_CWB(1.1),Current well-being,I,KOR,Korea,11_1,Life satisfaction,0_TO_10,0-10 scale,_T,Total,_T,Total,_T,Total,HSL_11,Subjective well-being,2015,,5.8,,D,Definition differs,0,Units,2,Two,,
DATAFLOW,OECD.WISE.WDP:DSD_HSL@DF_HSL_CWB(1.1),Current well-being,I,KOR,Korea,11_1,Life satisfaction,0_TO_10,0-10 scale,_T,Total,_T,Total,_T,Total,HSL_11,Subjective well-being,2016,,5.9,,D,Definition differs,0,Units,2,Two,,
DATAFLOW,OECD.WISE.WDP:DSD_HSL@DF_HSL_CWB(1.1),Current well-being,I,KOR,Korea,11_1,Life satisfaction,0_TO_10,0-10 scale,_T,Total,_T,Total,_T,Total,HSL_11,Subjective well-being,2017,,6,,D,Definition differs,0,Units,2,Two,,
DATAFLOW,OECD.WISE.WDP:DSD_HSL@DF_HSL_CWB(1.1),Current well-being,I,KOR,Korea,11_1,Life satisfaction,0_TO_10,0-10 scale,_T,Total,_T,Total,_T,Total,HSL_11,Subjective well-being,2018,,6.1,,D,Definition differs,0,Units,2,Two,,
DATAFLOW,OECD.WISE.WDP:DSD_HSL@DF_HSL_CWB(1.1),Current well-being,I,KOR,Korea,11_1,Life satisfaction,0_TO_10,0-10 scale,_T,Total,_T,Total,_T,Total,HSL_11,Subjective well-being,2019,,6,,D,Definition differs,0,Units,2,Two,,
DATAFLOW,OECD.WISE.WDP:DSD_HSL@DF_HSL_CWB(1.1),Current well-being,I,KOR,Korea,11_1,Life satisfaction,0_TO_10,0-10 scale,_T,Total,_T,Total,_T,Total,HSL_11,Subjective well-being,2020,,6,,A,Normal value,0,Units,2,Two,,
DATAFLOW,OECD.WISE.WDP:DSD_HSL@DF_HSL_CWB(1.1),Current well-being,I,KOR,Korea,11_1,Life satisfaction,0_TO_10,0-10 scale,_T,Total,_T,Total,_T,Total,HSL_11,Subjective well-being,2021,,6.3,,A,Normal value,0,Units,2,Two,,
DATAFLOW,OECD.WISE.WDP:DSD_HSL@DF_HSL_CWB(1.1),Current well-being,I,LVA,Latvia,11_1,Life satisfaction,0_TO_10,0-10 scale,_T,Total,_T,Total,_T,Total,HSL_11,Subjective well-being,2022,,6.8309621773,,A,Normal value,0,Units,2,Two,,
DATAFLOW,OECD.WISE.WDP:DSD_HSL@DF_HSL_CWB(1.1),Current well-being,I,LVA,Latvia,11_1,Life satisfaction,0_TO_10,0-10 scale,_T,Total,_T,Total,_T,Total,HSL_11,Subjective well-being,2023,,6.8686552316,,A,Normal value,0,Units,2,Two,,
DATAFLOW,OECD.WISE.WDP:DSD_HSL@DF_HSL_CWB(1.1),Current well-being,I,LVA,Latvia,11_1,Life satisfaction,0_TO_10,0-10 scale,_T,Total,_T,Total,_T,Total,HSL_11,Subjective well-being,2024,,6.932122434,,A,Normal value,0,Units,2,Two,,
DATAFLOW,OECD.WISE.WDP:DSD_HSL@DF_HSL_CWB(1.1),Current well-being,I,LVA,Latvia,11_1,Life satisfaction,0_TO_10,0-10 scale,_T,Total,_T,Total,_T,Total,HSL_11,Subjective well-being,2013,,6.4682794765,,A,Normal value,0,Units,2,Two,,
DATAFLOW,OECD.WISE.WDP:DSD_HSL@DF_HSL_CWB(1.1),Current well-being,I,LVA,Latvia,11_1,Life satisfaction,0_TO_10,0-10 scale,_T,Total,_T,Total,_T,Total,HSL_11,Subjective well-being,2018,,6.7377044739,,A,Normal value,0,Units,2,Two,,
DATAFLOW,OECD.WISE.WDP:DSD_HSL@DF_HSL_CWB(1.1),Current well-being,I,LTU,Lithuania,11_1,Life satisfaction,0_TO_10,0-10 scale,_T,Total,_T,Total,_T,Total,HSL_11,Subjective well-being,2021,,6.9769955556,,A,Normal value,0,Units,2,Two,,
DATAFLOW,OECD.WISE.WDP:DSD_HSL@DF_HSL_CWB(1.1),Current well-being,I,LTU,Lithuania,11_1,Life satisfaction,0_TO_10,0-10 scale,_T,Total,_T,Total,_T,Total,HSL_11,Subjective well-being,2022,,7.0921493349,,A,Normal value,0,Units,2,Two,,
DATAFLOW,OECD.WISE.WDP:DSD_HSL@DF_HSL_CWB(1.1),Current well-being,I,LTU,Lithuania,11_1,Life satisfaction,0_TO_10,0-10 scale,_T,Total,_T,Total,_T,Total,HSL_11,Subjective well-being,2024,,7.1989364014,,A,Normal value,0,Units,2,Two,,
DATAFLOW,OECD.WISE.WDP:DSD_HSL@DF_HSL_CWB(1.1),Current well-being,I,LTU,Lithuania,11_1,Life satisfaction,0_TO_10,0-10 scale,_T,Total,_T,Total,_T,Total,HSL_11,Subjective well-being,2013,,6.729421373,,A,Normal value,0,Units,2,Two,,
DATAFLOW,OECD.WISE.WDP:DSD_HSL@DF_HSL_CWB(1.1),Current well-being,I,LTU,Lithuania,11_1,Life satisfaction,0_TO_10,0-10 scale,_T,Total,_T,Total,_T,Total,HSL_11,Subjective well-being,2023,,7.188347258,,A,Normal value,0,Units,2,Two,,
DATAFLOW,OECD.WISE.WDP:DSD_HSL@DF_HSL_CWB(1.1),Current well-being,I,LUX,Luxembourg,11_1,Life satisfaction,0_TO_10,0-10 scale,_T,Total,_T,Total,_T,Total,HSL_11,Subjective well-being,2022,,7.2097825661,,A,Normal value,0,Units,2,Two,,
DATAFLOW,OECD.WISE.WDP:DSD_HSL@DF_HSL_CWB(1.1),Current well-being,I,LUX,Luxembourg,11_1,Life satisfaction,0_TO_10,0-10 scale,_T,Total,_T,Total,_T,Total,HSL_11,Subjective well-being,2023,,7.2504849558,,A,Normal value,0,Units,2,Two,,
DATAFLOW,OECD.WISE.WDP:DSD_HSL@DF_HSL_CWB(1.1),Current well-being,I,LUX,Luxembourg,11_1,Life satisfaction,0_TO_10,0-10 scale,_T,Total,_T,Total,_T,Total,HSL_11,Subjective well-being,2024,,7.2028519607,,A,Normal value,0,Units,2,Two,,
DATAFLOW,OECD.WISE.WDP:DSD_HSL@DF_HSL_CWB(1.1),Current well-being,I,LUX,Luxembourg,11_1,Life satisfaction,0_TO_10,0-10 scale,_T,Total,_T,Total,_T,Total,HSL_11,Subjective well-being,2013,,7.4342386137,,A,Normal value,0,Units,2,Two,,
DATAFLOW,OECD.WISE.WDP:DSD_HSL@DF_HSL_CWB(1.1),Current well-being,I,LUX,Luxembourg,11_1,Life satisfaction,0_TO_10,0-10 scale,_T,Total,_T,Total,_T,Total,HSL_11,Subjective well-being,2018,,7.5563322403,,A,Normal value,0,Units,2,Two,,
DATAFLOW,OECD.WISE.WDP:DSD_HSL@DF_HSL_CWB(1.1),Current well-being,I,NLD,Netherlands,11_1,Life satisfaction,0_TO_10,0-10 scale,_T,Total,_T,Total,_T,Total,HSL_11,Subjective well-being,2023,,7.5973402106,,A,Normal value,0,Units,2,Two,,
DATAFLOW,OECD.WISE.WDP:DSD_HSL@DF_HSL_CWB(1.1),Current well-being,I,NLD,Netherlands,11_1,Life satisfaction,0_TO_10,0-10 scale,_T,Total,_T,Total,_T,Total,HSL_11,Subjective well-being,2024,,7.6183944362,,A,Normal value,0,Units,2,Two,,
DATAFLOW,OECD.WISE.WDP:DSD_HSL@DF_HSL_CWB(1.1),Current well-being,I,NLD,Netherlands,11_1,Life satisfaction,0_TO_10,0-10 scale,_T,Total,_T,Total,_T,Total,HSL_11,Subjective well-being,2022,,7.664159679,,A,Normal value,0,Units,2,Two,,
DATAFLOW,OECD.WISE.WDP:DSD_HSL@DF_HSL_CWB(1.1),Current well-being,I,NLD,Netherlands,11_1,Life satisfaction,0_TO_10,0-10 scale,_T,Total,_T,Total,_T,Total,HSL_11,Subjective well-being,2013,,7.8022760577,,A,Normal value,0,Units,2,Two,,
DATAFLOW,OECD.WISE.WDP:DSD_HSL@DF_HSL_CWB(1.1),Current well-being,I,NLD,Netherlands,11_1,Life satisfaction,0_TO_10,0-10 scale,_T,Total,_T,Total,_T,Total,HSL_11,Subjective well-being,2018,,7.6955204698,,A,Normal value,0,Units,2,Two,,
DATAFLOW,OECD.WISE.WDP:DSD_HSL@DF_HSL_CWB(1.1),Current well-being,I,NZL,New Zealand,11_1,Life satisfaction,0_TO_10,0-10 scale,_T,Total,_T,Total,_T,Total,HSL_11,Subjective well-being,2018,,7.7,,A,Normal value,0,Units,2,Two,,
DATAFLOW,OECD.WISE.WDP:DSD_HSL@DF_HSL_CWB(1.1),Current well-being,I,NZL,New Zealand,11_1,Life satisfaction,0_TO_10,0-10 scale,_T,Total,_T,Total,_T,Total,HSL_11,Subjective well-being,2021,,7.7,,A,Normal value,0,Units,2,Two,,
DATAFLOW,OECD.WISE.WDP:DSD_HSL@DF_HSL_CWB(1.1),Current well-being,I,NZL,New Zealand,11_1,Life satisfaction,0_TO_10,0-10 scale,_T,Total,_T,Total,_T,Total,HSL_11,Subjective well-being,2023,,7.6,,A,Normal value,0,Units,2,Two,,
DATAFLOW,OECD.WISE.WDP:DSD_HSL@DF_HSL_CWB(1.1),Current well-being,I,NZL,New Zealand,11_1,Life satisfaction,0_TO_10,0-10 scale,_T,Total,_T,Total,_T,Total,HSL_11,Subjective well-being,2014,,7.8,,A,Normal value,0,Units,2,Two,,
DATAFLOW,OECD.WISE.WDP:DSD_HSL@DF_HSL_CWB(1.1),Current well-being,I,NOR,Norway,11_1,Life satisfaction,0_TO_10,0-10 scale,_T,Total,_T,Total,_T,Total,HSL_11,Subjective well-being,2023,,7.6345566536,,A,Normal value,0,Units,2,Two,,
DATAFLOW,OECD.WISE.WDP:DSD_HSL@DF_HSL_CWB(1.1),Current well-being,I,NOR,Norway,11_1,Life satisfaction,0_TO_10,0-10 scale,_T,Total,_T,Total,_T,Total,HSL_11,Subjective well-being,2024,,7.5915805518,,A,Normal value,0,Units,2,Two,,
DATAFLOW,OECD.WISE.WDP:DSD_HSL@DF_HSL_CWB(1.1),Current well-being,I,NOR,Norway,11_1,Life satisfaction,0_TO_10,0-10 scale,_T,Total,_T,Total,_T,Total,HSL_11,Subjective well-being,2021,,7.5,,A,Normal value,0,Units,2,Two,,
DATAFLOW,OECD.WISE.WDP:DSD_HSL@DF_HSL_CWB(1.1),Current well-being,I,NOR,Norway,11_1,Life satisfaction,0_TO_10,0-10 scale,_T,Total,_T,Total,_T,Total,HSL_11,Subjective well-being,2013,,7.8856053859,,A,Normal value,0,Units,2,Two,,
DATAFLOW,OECD.WISE.WDP:DSD_HSL@DF_HSL_CWB(1.1),Current well-being,I,NOR,Norway,11_1,Life satisfaction,0_TO_10,0-10 scale,_T,Total,_T,Total,_T,Total,HSL_11,Subjective well-being,2018,,7.9803644317,,A,Normal value,0,Units,2,Two,,
DATAFLOW,OECD.WISE.WDP:DSD_HSL@DF_HSL_CWB(1.1),Current well-being,I,POL,Poland,11_1,Life satisfaction,0_TO_10,0-10 scale,_T,Total,_T,Total,_T,Total,HSL_11,Subjective well-being,2022,,7.6642820518,,A,Normal value,0,Units,2,Two,,
DATAFLOW,OECD.WISE.WDP:DSD_HSL@DF_HSL_CWB(1.1),Current well-being,I,POL,Poland,11_1,Life satisfaction,0_TO_10,0-10 scale,_T,Total,_T,Total,_T,Total,HSL_11,Subjective well-being,2023,,7.6173374355,,A,Normal value,0,Units,2,Two,,
DATAFLOW,OECD.WISE.WDP:DSD_HSL@DF_HSL_CWB(1.1),Current well-being,I,POL,Poland,11_1,Life satisfaction,0_TO_10,0-10 scale,_T,Total,_T,Total,_T,Total,HSL_11,Subjective well-being,2024,,7.6150752664,,A,Normal value,0,Units,2,Two,,
DATAFLOW,OECD.WISE.WDP:DSD_HSL@DF_HSL_CWB(1.1),Current well-being,I,POL,Poland,11_1,Life satisfaction,0_TO_10,0-10 scale,_T,Total,_T,Total,_T,Total,HSL_11,Subjective well-being,2013,,7.3153997162,,A,Normal value,0,Units,2,Two,,
DATAFLOW,OECD.WISE.WDP:DSD_HSL@DF_HSL_CWB(1.1),Current well-being,I,POL,Poland,11_1,Life satisfaction,0_TO_10,0-10 scale,_T,Total,_T,Total,_T,Total,HSL_11,Subjective well-being,2018,,7.7310183875,,A,Normal value,0,Units,2,Two,,
DATAFLOW,OECD.WISE.WDP:DSD_HSL@DF_HSL_CWB(1.1),Current well-being,I,PRT,Portugal,11_1,Life satisfaction,0_TO_10,0-10 scale,_T,Total,_T,Total,_T,Total,HSL_11,Subjective well-being,2022,,6.9661353879,,A,Normal value,0,Units,2,Two,,
DATAFLOW,OECD.WISE.WDP:DSD_HSL@DF_HSL_CWB(1.1),Current well-being,I,PRT,Portugal,11_1,Life satisfaction,0_TO_10,0-10 scale,_T,Total,_T,Total,_T,Total,HSL_11,Subjective well-being,2023,,7.0631781497,,A,Normal value,0,Units,2,Two,,
DATAFLOW,OECD.WISE.WDP:DSD_HSL@DF_HSL_CWB(1.1),Current well-being,I,PRT,Portugal,11_1,Life satisfaction,0_TO_10,0-10 scale,_T,Total,_T,Total,_T,Total,HSL_11,Subjective well-being,2024,,7.2557314635,,A,Normal value,0,Units,2,Two,,
DATAFLOW,OECD.WISE.WDP:DSD_HSL@DF_HSL_CWB(1.1),Current well-being,I,PRT,Portugal,11_1,Life satisfaction,0_TO_10,0-10 scale,_T,Total,_T,Total,_T,Total,HSL_11,Subjective well-being,2013,,6.1537453485,,A,Normal value,0,Units,2,Two,,
DATAFLOW,OECD.WISE.WDP:DSD_HSL@DF_HSL_CWB(1.1),Current well-being,I,PRT,Portugal,11_1,Life satisfaction,0_TO_10,0-10 scale,_T,Total,_T,Total,_T,Total,HSL_11,Subjective well-being,2018,,6.6892248894,,A,Normal value,0,Units,2,Two,,
DATAFLOW,OECD.WISE.WDP:DSD_HSL@DF_HSL_CWB(1.1),Current well-being,I,SVK,Slovak Republic,11_1,Life satisfaction,0_TO_10,0-10 scale,_T,Total,_T,Total,_T,Total,HSL_11,Subjective well-being,2023,,7.2861273274,,A,Normal value,0,Units,2,Two,,
DATAFLOW,OECD.WISE.WDP:DSD_HSL@DF_HSL_CWB(1.1),Current well-being,I,SVK,Slovak Republic,11_1,Life satisfaction,0_TO_10,0-10 scale,_T,Total,_T,Total,_T,Total,HSL_11,Subjective well-being,2024,,7.2987172383,,A,Normal value,0,Units,2,Two,,
DATAFLOW,OECD.WISE.WDP:DSD_HSL@DF_HSL_CWB(1.1),Current well-being,I,SVK,Slovak Republic,11_1,Life satisfaction,0_TO_10,0-10 scale,_T,Total,_T,Total,_T,Total,HSL_11,Subjective well-being,2021,,7.127231716,,A,Normal value,0,Units,2,Two,,
DATAFLOW,OECD.WISE.WDP:DSD_HSL@DF_HSL_CWB(1.1),Current well-being,I,SVK,Slovak Republic,11_1,Life satisfaction,0_TO_10,0-10 scale,_T,Total,_T,Total,_T,Total,HSL_11,Subjective well-being,2013,,6.9514383993,,A,Normal value,0,Units,2,Two,,
DATAFLOW,OECD.WISE.WDP:DSD_HSL@DF_HSL_CWB(1.1),Current well-being,I,SVK,Slovak Republic,11_1,Life satisfaction,0_TO_10,0-10 scale,_T,Total,_T,Total,_T,Total,HSL_11,Subjective well-being,2018,,7.0670017874,,A,Normal value,0,Units,2,Two,,
DATAFLOW,OECD.WISE.WDP:DSD_HSL@DF_HSL_CWB(1.1),Current well-being,I,SVN,Slovenia,11_1,Life satisfaction,0_TO_10,0-10 scale,_T,Total,_T,Total,_T,Total,HSL_11,Subjective well-being,2023,,7.7353877821,,A,Normal value,0,Units,2,Two,,
DATAFLOW,OECD.WISE.WDP:DSD_HSL@DF_HSL_CWB(1.1),Current well-being,I,SVN,Slovenia,11_1,Life satisfaction,0_TO_10,0-10 scale,_T,Total,_T,Total,_T,Total,HSL_11,Subjective well-being,2024,,7.6741310058,,A,Normal value,0,Units,2,Two,,
DATAFLOW,OECD.WISE.WDP:DSD_HSL@DF_HSL_CWB(1.1),Current well-being,I,SVN,Slovenia,11_1,Life satisfaction,0_TO_10,0-10 scale,_T,Total,_T,Total,_T,Total,HSL_11,Subjective well-being,2018,,7.248027727,,A,Normal value,0,Units,2,Two,,
DATAFLOW,OECD.WISE.WDP:DSD_HSL@DF_HSL_CWB(1.1),Current well-being,I,SVN,Slovenia,11_1,Life satisfaction,0_TO_10,0-10 scale,_T,Total,_T,Total,_T,Total,HSL_11,Subjective well-being,2013,,6.9515327869,,A,Normal value,0,Units,2,Two,,
DATAFLOW,OECD.WISE.WDP:DSD_HSL@DF_HSL_CWB(1.1),Current well-being,I,SVN,Slovenia,11_1,Life satisfaction,0_TO_10,0-10 scale,_T,Total,_T,Total,_T,Total,HSL_11,Subjective well-being,2021,,7.6296672546,,A,Normal value,0,Units,2,Two,,
DATAFLOW,OECD.WISE.WDP:DSD_HSL@DF_HSL_CWB(1.1),Current well-being,I,ESP,Spain,11_1,Life satisfaction,0_TO_10,0-10 scale,_T,Total,_T,Total,_T,Total,HSL_11,Subjective well-being,2022,,7.1268416488,,A,Normal value,0,Units,2,Two,,
DATAFLOW,OECD.WISE.WDP:DSD_HSL@DF_HSL_CWB(1.1),Current well-being,I,ESP,Spain,11_1,Life satisfaction,0_TO_10,0-10 scale,_T,Total,_T,Total,_T,Total,HSL_11,Subjective well-being,2023,,7.2269001128,,A,Normal value,0,Units,2,Two,,
DATAFLOW,OECD.WISE.WDP:DSD_HSL@DF_HSL_CWB(1.1),Current well-being,I,ESP,Spain,11_1,Life satisfaction,0_TO_10,0-10 scale,_T,Total,_T,Total,_T,Total,HSL_11,Subjective well-being,2024,,7.1825148781,,A,Normal value,0,Units,2,Two,,
DATAFLOW,OECD.WISE.WDP:DSD_HSL@DF_HSL_CWB(1.1),Current well-being,I,ESP,Spain,11_1,Life satisfaction,0_TO_10,0-10 scale,_T,Total,_T,Total,_T,Total,HSL_11,Subjective well-being,2013,,6.8805823872,,A,Normal value,0,Units,2,Two,,
DATAFLOW,OECD.WISE.WDP:DSD_HSL@DF_HSL_CWB(1.1),Current well-being,I,ESP,Spain,11_1,Life satisfaction,0_TO_10,0-10 scale,_T,Total,_T,Total,_T,Total,HSL_11,Subjective well-being,2018,,7.3293713044,,A,Normal value,0,Units,2,Two,,
DATAFLOW,OECD.WISE.WDP:DSD_HSL@DF_HSL_CWB(1.1),Current well-being,I,SWE,Sweden,11_1,Life satisfaction,0_TO_10,0-10 scale,_T,Total,_T,Total,_T,Total,HSL_11,Subjective well-being,2022,,7.5102990697,,A,Normal value,0,Units,2,Two,,
DATAFLOW,OECD.WISE.WDP:DSD_HSL@DF_HSL_CWB(1.1),Current well-being,I,SWE,Sweden,11_1,Life satisfaction,0_TO_10,0-10 scale,_T,Total,_T,Total,_T,Total,HSL_11,Subjective well-being,2024,,7.4497328467,,A,Normal value,0,Units,2,Two,,
DATAFLOW,OECD.WISE.WDP:DSD_HSL@DF_HSL_CWB(1.1),Current well-being,I,SWE,Sweden,11_1,Life satisfaction,0_TO_10,0-10 scale,_T,Total,_T,Total,_T,Total,HSL_11,Subjective well-being,2023,,7.46415539,,A,Normal value,0,Units,2,Two,,
DATAFLOW,OECD.WISE.WDP:DSD_HSL@DF_HSL_CWB(1.1),Current well-being,I,SWE,Sweden,11_1,Life satisfaction,0_TO_10,0-10 scale,_T,Total,_T,Total,_T,Total,HSL_11,Subjective well-being,2018,,7.7965667544,,B,Time series break,0,Units,2,Two,,
DATAFLOW,OECD.WISE.WDP:DSD_HSL@DF_HSL_CWB(1.1),Current well-being,I,SWE,Sweden,11_1,Life satisfaction,0_TO_10,0-10 scale,_T,Total,_T,Total,_T,Total,HSL_11,Subjective well-being,2013,,7.9074822893,,A,Normal value,0,Units,2,Two,,
DATAFLOW,OECD.WISE.WDP:DSD_HSL@DF_HSL_CWB(1.1),Current well-being,I,CHE,Switzerland,11_1,Life satisfaction,0_TO_10,0-10 scale,_T,Total,_T,Total,_T,Total,HSL_11,Subjective well-being,2014,,8.018,,A,Normal value,0,Units,2,Two,,
DATAFLOW,OECD.WISE.WDP:DSD_HSL@DF_HSL_CWB(1.1),Current well-being,I,CHE,Switzerland,11_1,Life satisfaction,0_TO_10,0-10 scale,_T,Total,_T,Total,_T,Total,HSL_11,Subjective well-being,2015,,7.949,,A,Normal value,0,Units,2,Two,,
DATAFLOW,OECD.WISE.WDP:DSD_HSL@DF_HSL_CWB(1.1),Current well-being,I,CHE,Switzerland,11_1,Life satisfaction,0_TO_10,0-10 scale,_T,Total,_T,Total,_T,Total,HSL_11,Subjective well-being,2016,,7.953,,A,Normal value,0,Units,2,Two,,
DATAFLOW,OECD.WISE.WDP:DSD_HSL@DF_HSL_CWB(1.1),Current well-being,I,CHE,Switzerland,11_1,Life satisfaction,0_TO_10,0-10 scale,_T,Total,_T,Total,_T,Total,HSL_11,Subjective well-being,2017,,7.961845982,,A,Normal value,0,Units,2,Two,,
DATAFLOW,OECD.WISE.WDP:DSD_HSL@DF_HSL_CWB(1.1),Current well-being,I,CHE,Switzerland,11_1,Life satisfaction,0_TO_10,0-10 scale,_T,Total,_T,Total,_T,Total,HSL_11,Subjective well-being,2024,,7.7,,A,Normal value,0,Units,2,Two,,
DATAFLOW,OECD.WISE.WDP:DSD_HSL@DF_HSL_CWB(1.1),Current well-being,I,CHE,Switzerland,11_1,Life satisfaction,0_TO_10,0-10 scale,_T,Total,_T,Total,_T,Total,HSL_11,Subjective well-being,2013,,8.047416135,,A,Normal value,0,Units,2,Two,,
DATAFLOW,OECD.WISE.WDP:DSD_HSL@DF_HSL_CWB(1.1),Current well-being,I,CHE,Switzerland,11_1,Life satisfaction,0_TO_10,0-10 scale,_T,Total,_T,Total,_T,Total,HSL_11,Subjective well-being,2018,,7.963366268,,A,Normal value,0,Units,2,Two,,
DATAFLOW,OECD.WISE.WDP:DSD_HSL@DF_HSL_CWB(1.1),Current well-being,I,CHE,Switzerland,11_1,Life satisfaction,0_TO_10,0-10 scale,_T,Total,_T,Total,_T,Total,HSL_11,Subjective well-being,2021,,7.894695279,,A,Normal value,0,Units,2,Two,,
DATAFLOW,OECD.WISE.WDP:DSD_HSL@DF_HSL_CWB(1.1),Current well-being,I,CHE,Switzerland,11_1,Life satisfaction,0_TO_10,0-10 scale,_T,Total,_T,Total,_T,Total,HSL_11,Subjective well-being,2019,,8.025741548,,A,Normal value,0,Units,2,Two,,
DATAFLOW,OECD.WISE.WDP:DSD_HSL@DF_HSL_CWB(1.1),Current well-being,I,CHE,Switzerland,11_1,Life satisfaction,0_TO_10,0-10 scale,_T,Total,_T,Total,_T,Total,HSL_11,Subjective well-being,2020,,8.078755342,,A,Normal value,0,Units,2,Two,,
DATAFLOW,OECD.WISE.WDP:DSD_HSL@DF_HSL_CWB(1.1),Current well-being,I,CHE,Switzerland,11_1,Life satisfaction,0_TO_10,0-10 scale,_T,Total,_T,Total,_T,Total,HSL_11,Subjective well-being,2022,,7.9759560666,,A,Normal value,0,Units,2,Two,,
DATAFLOW,OECD.WISE.WDP:DSD_HSL@DF_HSL_CWB(1.1),Current well-being,I,CHE,Switzerland,11_1,Life satisfaction,0_TO_10,0-10 scale,_T,Total,_T,Total,_T,Total,HSL_11,Subjective well-being,2023,,7.8221484851,,A,Normal value,0,Units,2,Two,,
DATAFLOW,OECD.WISE.WDP:DSD_HSL@DF_HSL_CWB(1.1),Current well-being,I,CHE,Switzerland,11_1,Life satisfaction,0_TO_10,0-10 scale,_T,Total,_T,Total,_T,Total,HSL_11,Subjective well-being,2007,,8.22,,A,Normal value,0,Units,2,Two,,
DATAFLOW,OECD.WISE.WDP:DSD_HSL@DF_HSL_CWB(1.1),Current well-being,I,CHE,Switzerland,11_1,Life satisfaction,0_TO_10,0-10 scale,_T,Total,_T,Total,_T,Total,HSL_11,Subjective well-being,2008,,8.128,,A,Normal value,0,Units,2,Two,,
DATAFLOW,OECD.WISE.WDP:DSD_HSL@DF_HSL_CWB(1.1),Current well-being,I,CHE,Switzerland,11_1,Life satisfaction,0_TO_10,0-10 scale,_T,Total,_T,Total,_T,Total,HSL_11,Subjective well-being,2009,,8.143,,A,Normal value,0,Units,2,Two,,
DATAFLOW,OECD.WISE.WDP:DSD_HSL@DF_HSL_CWB(1.1),Current well-being,I,CHE,Switzerland,11_1,Life satisfaction,0_TO_10,0-10 scale,_T,Total,_T,Total,_T,Total,HSL_11,Subjective well-being,2010,,8.152,,A,Normal value,0,Units,2,Two,,
DATAFLOW,OECD.WISE.WDP:DSD_HSL@DF_HSL_CWB(1.1),Current well-being,I,CHE,Switzerland,11_1,Life satisfaction,0_TO_10,0-10 scale,_T,Total,_T,Total,_T,Total,HSL_11,Subjective well-being,2011,,8.151,,A,Normal value,0,Units,2,Two,,
DATAFLOW,OECD.WISE.WDP:DSD_HSL@DF_HSL_CWB(1.1),Current well-being,I,TUR,Türkiye,11_1,Life satisfaction,0_TO_10,0-10 scale,_T,Total,_T,Total,_T,Total,HSL_11,Subjective well-being,2021,,5.6,,A,Normal value,0,Units,2,Two,,
DATAFLOW,OECD.WISE.WDP:DSD_HSL@DF_HSL_CWB(1.1),Current well-being,I,TUR,Türkiye,11_1,Life satisfaction,0_TO_10,0-10 scale,_T,Total,_T,Total,_T,Total,HSL_11,Subjective well-being,2022,,5.4,,A,Normal value,0,Units,2,Two,,
DATAFLOW,OECD.WISE.WDP:DSD_HSL@DF_HSL_CWB(1.1),Current well-being,I,TUR,Türkiye,11_1,Life satisfaction,0_TO_10,0-10 scale,_T,Total,_T,Total,_T,Total,HSL_11,Subjective well-being,2023,,5.6,,A,Normal value,0,Units,2,Two,,
DATAFLOW,OECD.WISE.WDP:DSD_HSL@DF_HSL_CWB(1.1),Current well-being,I,TUR,Türkiye,11_1,Life satisfaction,0_TO_10,0-10 scale,_T,Total,_T,Total,_T,Total,HSL_11,Subjective well-being,2013,,5.8,,E,Estimated value,0,Units,2,Two,,
DATAFLOW,OECD.WISE.WDP:DSD_HSL@DF_HSL_CWB(1.1),Current well-being,I,TUR,Türkiye,11_1,Life satisfaction,0_TO_10,0-10 scale,_T,Total,_T,Total,_T,Total,HSL_11,Subjective well-being,2024,,5.8,,A,Normal value,0,Units,2,Two,,
DATAFLOW,OECD.WISE.WDP:DSD_HSL@DF_HSL_CWB(1.1),Current well-being,I,GBR,United Kingdom,11_1,Life satisfaction,0_TO_10,0-10 scale,_T,Total,_T,Total,_T,Total,HSL_11,Subjective well-being,2014,,7.61,,A,Normal value,0,Units,2,Two,,
DATAFLOW,OECD.WISE.WDP:DSD_HSL@DF_HSL_CWB(1.1),Current well-being,I,GBR,United Kingdom,11_1,Life satisfaction,0_TO_10,0-10 scale,_T,Total,_T,Total,_T,Total,HSL_11,Subjective well-being,2015,,7.65,,A,Normal value,0,Units,2,Two,,
DATAFLOW,OECD.WISE.WDP:DSD_HSL@DF_HSL_CWB(1.1),Current well-being,I,GBR,United Kingdom,11_1,Life satisfaction,0_TO_10,0-10 scale,_T,Total,_T,Total,_T,Total,HSL_11,Subjective well-being,2016,,7.68,,A,Normal value,0,Units,2,Two,,
DATAFLOW,OECD.WISE.WDP:DSD_HSL@DF_HSL_CWB(1.1),Current well-being,I,GBR,United Kingdom,11_1,Life satisfaction,0_TO_10,0-10 scale,_T,Total,_T,Total,_T,Total,HSL_11,Subjective well-being,2017,,7.69,,A,Normal value,0,Units,2,Two,,
DATAFLOW,OECD.WISE.WDP:DSD_HSL@DF_HSL_CWB(1.1),Current well-being,I,GBR,United Kingdom,11_1,Life satisfaction,0_TO_10,0-10 scale,_T,Total,_T,Total,_T,Total,HSL_11,Subjective well-being,2018,,7.71,,A,Normal value,0,Units,2,Two,,
DATAFLOW,OECD.WISE.WDP:DSD_HSL@DF_HSL_CWB(1.1),Current well-being,I,GBR,United Kingdom,11_1,Life satisfaction,0_TO_10,0-10 scale,_T,Total,_T,Total,_T,Total,HSL_11,Subjective well-being,2019,,7.66,,A,Normal value,0,Units,2,Two,,
DATAFLOW,OECD.WISE.WDP:DSD_HSL@DF_HSL_CWB(1.1),Current well-being,I,GBR,United Kingdom,11_1,Life satisfaction,0_TO_10,0-10 scale,_T,Total,_T,Total,_T,Total,HSL_11,Subjective well-being,2020,,7.39,,A,Normal value,0,Units,2,Two,,
DATAFLOW,OECD.WISE.WDP:DSD_HSL@DF_HSL_CWB(1.1),Current well-being,I,GBR,United Kingdom,11_1,Life satisfaction,0_TO_10,0-10 scale,_T,Total,_T,Total,_T,Total,HSL_11,Subjective well-being,2021,,7.54,,A,Normal value,0,Units,2,Two,,
DATAFLOW,OECD.WISE.WDP:DSD_HSL@DF_HSL_CWB(1.1),Current well-being,I,GBR,United Kingdom,11_1,Life satisfaction,0_TO_10,0-10 scale,_T,Total,_T,Total,_T,Total,HSL_11,Subjective well-being,2022,,7.45,,A,Normal value,0,Units,2,Two,,
DATAFLOW,OECD.WISE.WDP:DSD_HSL@DF_HSL_CWB(1.1),Current well-being,I,GBR,United Kingdom,11_1,Life satisfaction,0_TO_10,0-10 scale,_T,Total,_T,Total,_T,Total,HSL_11,Subjective well-being,2011,,7.42,,A,Normal value,0,Units,2,Two,,
DATAFLOW,OECD.WISE.WDP:DSD_HSL@DF_HSL_CWB(1.1),Current well-being,I,GBR,United Kingdom,11_1,Life satisfaction,0_TO_10,0-10 scale,_T,Total,_T,Total,_T,Total,HSL_11,Subjective well-being,2012,,7.46,,A,Normal value,0,Units,2,Two,,
DATAFLOW,OECD.WISE.WDP:DSD_HSL@DF_HSL_CWB(1.1),Current well-being,I,BGR,Bulgaria,11_1,Life satisfaction,0_TO_10,0-10 scale,_T,Total,_T,Total,_T,Total,HSL_11,Subjective well-being,2022,,5.5609930211,,A,Normal value,0,Units,2,Two,,
DATAFLOW,OECD.WISE.WDP:DSD_HSL@DF_HSL_CWB(1.1),Current well-being,I,BGR,Bulgaria,11_1,Life satisfaction,0_TO_10,0-10 scale,_T,Total,_T,Total,_T,Total,HSL_11,Subjective well-being,2023,,5.8810288066,,A,Normal value,0,Units,2,Two,,
DATAFLOW,OECD.WISE.WDP:DSD_HSL@DF_HSL_CWB(1.1),Current well-being,I,BGR,Bulgaria,11_1,Life satisfaction,0_TO_10,0-10 scale,_T,Total,_T,Total,_T,Total,HSL_11,Subjective well-being,2024,,6.2387145375,,A,Normal value,0,Units,2,Two,,
DATAFLOW,OECD.WISE.WDP:DSD_HSL@DF_HSL_CWB(1.1),Current well-being,I,BGR,Bulgaria,11_1,Life satisfaction,0_TO_10,0-10 scale,_T,Total,_T,Total,_T,Total,HSL_11,Subjective well-being,2013,,4.7706767102,,A,Normal value,0,Units,2,Two,,
DATAFLOW,OECD.WISE.WDP:DSD_HSL@DF_HSL_CWB(1.1),Current well-being,I,BGR,Bulgaria,11_1,Life satisfaction,0_TO_10,0-10 scale,_T,Total,_T,Total,_T,Total,HSL_11,Subjective well-being,2018,,5.3559495373,,A,Normal value,0,Units,2,Two,,
DATAFLOW,OECD.WISE.WDP:DSD_HSL@DF_HSL_CWB(1.1),Current well-being,I,HRV,Croatia,11_1,Life satisfaction,0_TO_10,0-10 scale,_T,Total,_T,Total,_T,Total,HSL_11,Subjective well-being,2018,,6.3394277925,,A,Normal value,0,Units,2,Two,,
DATAFLOW,OECD.WISE.WDP:DSD_HSL@DF_HSL_CWB(1.1),Current well-being,I,HRV,Croatia,11_1,Life satisfaction,0_TO_10,0-10 scale,_T,Total,_T,Total,_T,Total,HSL_11,Subjective well-being,2021,,6.8190810972,,A,Normal value,0,Units,2,Two,,
DATAFLOW,OECD.WISE.WDP:DSD_HSL@DF_HSL_CWB(1.1),Current well-being,I,HRV,Croatia,11_1,Life satisfaction,0_TO_10,0-10 scale,_T,Total,_T,Total,_T,Total,HSL_11,Subjective well-being,2022,,6.8477479647,,A,Normal value,0,Units,2,Two,,
DATAFLOW,OECD.WISE.WDP:DSD_HSL@DF_HSL_CWB(1.1),Current well-being,I,HRV,Croatia,11_1,Life satisfaction,0_TO_10,0-10 scale,_T,Total,_T,Total,_T,Total,HSL_11,Subjective well-being,2023,,7.0766311138,,A,Normal value,0,Units,2,Two,,
DATAFLOW,OECD.WISE.WDP:DSD_HSL@DF_HSL_CWB(1.1),Current well-being,I,HRV,Croatia,11_1,Life satisfaction,0_TO_10,0-10 scale,_T,Total,_T,Total,_T,Total,HSL_11,Subjective well-being,2024,,7.187791894,,A,Normal value,0,Units,2,Two,,
DATAFLOW,OECD.WISE.WDP:DSD_HSL@DF_HSL_CWB(1.1),Current well-being,I,ROU,Romania,11_1,Life satisfaction,0_TO_10,0-10 scale,_T,Total,_T,Total,_T,Total,HSL_11,Subjective well-being,2022,,7.6600869926,,A,Normal value,0,Units,2,Two,,
DATAFLOW,OECD.WISE.WDP:DSD_HSL@DF_HSL_CWB(1.1),Current well-being,I,ROU,Romania,11_1,Life satisfaction,0_TO_10,0-10 scale,_T,Total,_T,Total,_T,Total,HSL_11,Subjective well-being,2023,,7.7346323615,,A,Normal value,0,Units,2,Two,,
DATAFLOW,OECD.WISE.WDP:DSD_HSL@DF_HSL_CWB(1.1),Current well-being,I,ROU,Romania,11_1,Life satisfaction,0_TO_10,0-10 scale,_T,Total,_T,Total,_T,Total,HSL_11,Subjective well-being,2024,,7.7269573848,,A,Normal value,0,Units,2,Two,,
DATAFLOW,OECD.WISE.WDP:DSD_HSL@DF_HSL_CWB(1.1),Current well-being,I,ROU,Romania,11_1,Life satisfaction,0_TO_10,0-10 scale,_T,Total,_T,Total,_T,Total,HSL_11,Subjective well-being,2013,,7.133232048,,A,Normal value,0,Units,2,Two,,
DATAFLOW,OECD.WISE.WDP:DSD_HSL@DF_HSL_CWB(1.1),Current well-being,I,ROU,Romania,11_1,Life satisfaction,0_TO_10,0-10 scale,_T,Total,_T,Total,_T,Total,HSL_11,Subjective well-being,2018,,7.3465985946,,A,Normal value,0,Units,2,Two,,
DATAFLOW,OECD.WISE.WDP:DSD_HSL@DF_HSL_CWB(1.1),Current well-being,I,AUS,Australia,11_1,Life satisfaction,0_TO_10,0-10 scale,_T,Total,_T,Total,_T,Total,HSL_11,Subjective well-being,2019,,7.5,,A,Normal value,0,Units,2,Two,,
DATAFLOW,OECD.WISE.WDP:DSD_HSL@DF_HSL_CWB(1.1),Current well-being,I,AUT,Austria,11_1,Life satisfaction,0_TO_10,0-10 scale,_T,Total,_T,Total,_T,Total,HSL_11,Subjective well-being,2013,,7.8100056064,,A,Normal value,0,Units,2,Two,,
DATAFLOW,OECD.WISE.WDP:DSD_HSL@DF_HSL_CWB(1.1),Current well-being,I,BEL,Belgium,11_1,Life satisfaction,0_TO_10,0-10 scale,_T,Total,_T,Total,_T,Total,HSL_11,Subjective well-being,2018,,7.5800243702,,A,Normal value,0,Units,2,Two,,
DATAFLOW,OECD.WISE.WDP:DSD_HSL@DF_HSL_CWB(1.1),Current well-being,I,CAN,Canada,11_1,Life satisfaction,0_TO_10,0-10 scale,_T,Total,_T,Total,_T,Total,HSL_11,Subjective well-being,2011,,8,,A,Normal value,0,Units,2,Two,,
DATAFLOW,OECD.WISE.WDP:DSD_HSL@DF_HSL_CWB(1.1),Current well-being,I,COL,Colombia,11_1,Life satisfaction,0_TO_10,0-10 scale,_T,Total,_T,Total,_T,Total,HSL_11,Subjective well-being,2021,,8.0079579,,A,Normal value,0,Units,2,Two,,
DATAFLOW,OECD.WISE.WDP:DSD_HSL@DF_HSL_CWB(1.1),Current well-being,I,CZE,Czechia,11_1,Life satisfaction,0_TO_10,0-10 scale,_T,Total,_T,Total,_T,Total,HSL_11,Subjective well-being,2021,,7.2652421866,,A,Normal value,0,Units,2,Two,,
DATAFLOW,OECD.WISE.WDP:DSD_HSL@DF_HSL_CWB(1.1),Current well-being,I,DNK,Denmark,11_1,Life satisfaction,0_TO_10,0-10 scale,_T,Total,_T,Total,_T,Total,HSL_11,Subjective well-being,2018,,7.7611020393,,A,Normal value,0,Units,2,Two,,
DATAFLOW,OECD.WISE.WDP:DSD_HSL@DF_HSL_CWB(1.1),Current well-being,I,EST,Estonia,11_1,Life satisfaction,0_TO_10,0-10 scale,_T,Total,_T,Total,_T,Total,HSL_11,Subjective well-being,2021,,7.2091264348,,A,Normal value,0,Units,2,Two,,
DATAFLOW,OECD.WISE.WDP:DSD_HSL@DF_HSL_CWB(1.1),Current well-being,I,FIN,Finland,11_1,Life satisfaction,0_TO_10,0-10 scale,_T,Total,_T,Total,_T,Total,HSL_11,Subjective well-being,2021,,8.0447047955,,A,Normal value,0,Units,2,Two,,
DATAFLOW,OECD.WISE.WDP:DSD_HSL@DF_HSL_CWB(1.1),Current well-being,I,FRA,France,11_1,Life satisfaction,0_TO_10,0-10 scale,_T,Total,_T,Total,_T,Total,HSL_11,Subjective well-being,2021,,6.7923429215,,A,Normal value,0,Units,2,Two,,
DATAFLOW,OECD.WISE.WDP:DSD_HSL@DF_HSL_CWB(1.1),Current well-being,I,DEU,Germany,11_1,Life satisfaction,0_TO_10,0-10 scale,_T,Total,_T,Total,_T,Total,HSL_11,Subjective well-being,2013,,7.2543085296,,A,Normal value,0,Units,2,Two,,
DATAFLOW,OECD.WISE.WDP:DSD_HSL@DF_HSL_CWB(1.1),Current well-being,I,GRC,Greece,11_1,Life satisfaction,0_TO_10,0-10 scale,_T,Total,_T,Total,_T,Total,HSL_11,Subjective well-being,2021,,6.7659425326,,A,Normal value,0,Units,2,Two,,
DATAFLOW,OECD.WISE.WDP:DSD_HSL@DF_HSL_CWB(1.1),Current well-being,I,HUN,Hungary,11_1,Life satisfaction,0_TO_10,0-10 scale,_T,Total,_T,Total,_T,Total,HSL_11,Subjective well-being,2013,,6.1127915586,,A,Normal value,0,Units,2,Two,,
DATAFLOW,OECD.WISE.WDP:DSD_HSL@DF_HSL_CWB(1.1),Current well-being,I,ISL,Iceland,11_1,Life satisfaction,0_TO_10,0-10 scale,_T,Total,_T,Total,_T,Total,HSL_11,Subjective well-being,2013,,7.9489247249,,A,Normal value,0,Units,2,Two,,
DATAFLOW,OECD.WISE.WDP:DSD_HSL@DF_HSL_CWB(1.1),Current well-being,I,IRL,Ireland,11_1,Life satisfaction,0_TO_10,0-10 scale,_T,Total,_T,Total,_T,Total,HSL_11,Subjective well-being,2021,,7.2502842847,,A,Normal value,0,Units,2,Two,,
DATAFLOW,OECD.WISE.WDP:DSD_HSL@DF_HSL_CWB(1.1),Current well-being,I,ISR,Israel,11_1,Life satisfaction,0_TO_10,0-10 scale,_T,Total,_T,Total,_T,Total,HSL_11,Subjective well-being,2021,,8.029399,,A,Normal value,0,Units,2,Two,,
DATAFLOW,OECD.WISE.WDP:DSD_HSL@DF_HSL_CWB(1.1),Current well-being,I,ITA,Italy,11_1,Life satisfaction,0_TO_10,0-10 scale,_T,Total,_T,Total,_T,Total,HSL_11,Subjective well-being,2018,,7.0245963012,,A,Normal value,0,Units,2,Two,,
DATAFLOW,OECD.WISE.WDP:DSD_HSL@DF_HSL_CWB(1.1),Current well-being,I,JPN,Japan,11_1,Life satisfaction,0_TO_10,0-10 scale,_T,Total,_T,Total,_T,Total,HSL_11,Subjective well-being,2021,,5.74,,A,Normal value,0,Units,2,Two,,
DATAFLOW,OECD.WISE.WDP:DSD_HSL@DF_HSL_CWB(1.1),Current well-being,I,KOR,Korea,11_1,Life satisfaction,0_TO_10,0-10 scale,_T,Total,_T,Total,_T,Total,HSL_11,Subjective well-being,2022,,6.5,,A,Normal value,0,Units,2,Two,,
DATAFLOW,OECD.WISE.WDP:DSD_HSL@DF_HSL_CWB(1.1),Current well-being,I,LVA,Latvia,11_1,Life satisfaction,0_TO_10,0-10 scale,_T,Total,_T,Total,_T,Total,HSL_11,Subjective well-being,2021,,6.7447419244,,A,Normal value,0,Units,2,Two,,
DATAFLOW,OECD.WISE.WDP:DSD_HSL@DF_HSL_CWB(1.1),Current well-being,I,LTU,Lithuania,11_1,Life satisfaction,0_TO_10,0-10 scale,_T,Total,_T,Total,_T,Total,HSL_11,Subjective well-being,2018,,6.3824132637,,A,Normal value,0,Units,2,Two,,
DATAFLOW,OECD.WISE.WDP:DSD_HSL@DF_HSL_CWB(1.1),Current well-being,I,LUX,Luxembourg,11_1,Life satisfaction,0_TO_10,0-10 scale,_T,Total,_T,Total,_T,Total,HSL_11,Subjective well-being,2021,,7.4221141231,,A,Normal value,0,Units,2,Two,,
DATAFLOW,OECD.WISE.WDP:DSD_HSL@DF_HSL_CWB(1.1),Current well-being,I,MEX,Mexico,11_1,Life satisfaction,0_TO_10,0-10 scale,_T,Total,_T,Total,_T,Total,HSL_11,Subjective well-being,2021,,8.4487109972,,A,Normal value,0,Units,2,Two,,
DATAFLOW,OECD.WISE.WDP:DSD_HSL@DF_HSL_CWB(1.1),Current well-being,I,NLD,Netherlands,11_1,Life satisfaction,0_TO_10,0-10 scale,_T,Total,_T,Total,_T,Total,HSL_11,Subjective well-being,2021,,7.7317250614,,A,Normal value,0,Units,2,Two,,
DATAFLOW,OECD.WISE.WDP:DSD_HSL@DF_HSL_CWB(1.1),Current well-being,I,NZL,New Zealand,11_1,Life satisfaction,0_TO_10,0-10 scale,_T,Total,_T,Total,_T,Total,HSL_11,Subjective well-being,2016,,7.8,,A,Normal value,0,Units,2,Two,,
DATAFLOW,OECD.WISE.WDP:DSD_HSL@DF_HSL_CWB(1.1),Current well-being,I,NOR,Norway,11_1,Life satisfaction,0_TO_10,0-10 scale,_T,Total,_T,Total,_T,Total,HSL_11,Subjective well-being,2022,,7.7152424816,,A,Normal value,0,Units,2,Two,,
DATAFLOW,OECD.WISE.WDP:DSD_HSL@DF_HSL_CWB(1.1),Current well-being,I,POL,Poland,11_1,Life satisfaction,0_TO_10,0-10 scale,_T,Total,_T,Total,_T,Total,HSL_11,Subjective well-being,2021,,7.5421897616,,A,Normal value,0,Units,2,Two,,
DATAFLOW,OECD.WISE.WDP:DSD_HSL@DF_HSL_CWB(1.1),Current well-being,I,PRT,Portugal,11_1,Life satisfaction,0_TO_10,0-10 scale,_T,Total,_T,Total,_T,Total,HSL_11,Subjective well-being,2021,,6.9802413011,,A,Normal value,0,Units,2,Two,,
DATAFLOW,OECD.WISE.WDP:DSD_HSL@DF_HSL_CWB(1.1),Current well-being,I,SVK,Slovak Republic,11_1,Life satisfaction,0_TO_10,0-10 scale,_T,Total,_T,Total,_T,Total,HSL_11,Subjective well-being,2022,,7.0444166963,,A,Normal value,0,Units,2,Two,,
DATAFLOW,OECD.WISE.WDP:DSD_HSL@DF_HSL_CWB(1.1),Current well-being,I,SVN,Slovenia,11_1,Life satisfaction,0_TO_10,0-10 scale,_T,Total,_T,Total,_T,Total,HSL_11,Subjective well-being,2022,,7.5836058625,,A,Normal value,0,Units,2,Two,,
DATAFLOW,OECD.WISE.WDP:DSD_HSL@DF_HSL_CWB(1.1),Current well-being,I,ESP,Spain,11_1,Life satisfaction,0_TO_10,0-10 scale,_T,Total,_T,Total,_T,Total,HSL_11,Subjective well-being,2021,,7.1921043699,,A,Normal value,0,Units,2,Two,,
DATAFLOW,OECD.WISE.WDP:DSD_HSL@DF_HSL_CWB(1.1),Current well-being,I,SWE,Sweden,11_1,Life satisfaction,0_TO_10,0-10 scale,_T,Total,_T,Total,_T,Total,HSL_11,Subjective well-being,2021,,7.5945220982,,A,Normal value,0,Units,2,Two,,
DATAFLOW,OECD.WISE.WDP:DSD_HSL@DF_HSL_CWB(1.1),Current well-being,I,CHE,Switzerland,11_1,Life satisfaction,0_TO_10,0-10 scale,_T,Total,_T,Total,_T,Total,HSL_11,Subjective well-being,2012,,8.201,,A,Normal value,0,Units,2,Two,,
DATAFLOW,OECD.WISE.WDP:DSD_HSL@DF_HSL_CWB(1.1),Current well-being,I,TUR,Türkiye,11_1,Life satisfaction,0_TO_10,0-10 scale,_T,Total,_T,Total,_T,Total,HSL_11,Subjective well-being,2018,,5.7,,A,Normal value,0,Units,2,Two,,
DATAFLOW,OECD.WISE.WDP:DSD_HSL@DF_HSL_CWB(1.1),Current well-being,I,GBR,United Kingdom,11_1,Life satisfaction,0_TO_10,0-10 scale,_T,Total,_T,Total,_T,Total,HSL_11,Subjective well-being,2013,,7.51,,A,Normal value,0,Units,2,Two,,
DATAFLOW,OECD.WISE.WDP:DSD_HSL@DF_HSL_CWB(1.1),Current well-being,I,BGR,Bulgaria,11_1,Life satisfaction,0_TO_10,0-10 scale,_T,Total,_T,Total,_T,Total,HSL_11,Subjective well-being,2021,,5.6635483578,,A,Normal value,0,Units,2,Two,,
DATAFLOW,OECD.WISE.WDP:DSD_HSL@DF_HSL_CWB(1.1),Current well-being,I,HRV,Croatia,11_1,Life satisfaction,0_TO_10,0-10 scale,_T,Total,_T,Total,_T,Total,HSL_11,Subjective well-being,2013,,6.3404621507,,A,Normal value,0,Units,2,Two,,
DATAFLOW,OECD.WISE.WDP:DSD_HSL@DF_HSL_CWB(1.1),Current well-being,I,ROU,Romania,11_1,Life satisfaction,0_TO_10,0-10 scale,_T,Total,_T,Total,_T,Total,HSL_11,Subjective well-being,2021,,7.6936007857,,A,Normal value,0,Units,2,Two,,
